[
    {
        "id": 10,
        "name": "BIẾN CHỨNG CỦA VIÊM ĐƯỜNG HÔ HẤP TRÊN",
        "image": "baivietMoi.png",
        "postName": "vac-xin-phong-benh",
        "articleName": "bien-chung-cua-viem-duong-ho-hap-tren",
        "excerpt": "Viêm đường hô hấp trên là gì?\nViêm hệ thống niêm mạc của MŨI – XOANG – HỌNG VÀ THANH QUẢN.\nLà cơ quan tiếp xúc trực tiếp với không khí nên mọi điều kiện bất lợi của môi trường như bụi, nóng, lạnh, hơi độc, virus, vi khuẩn,.. ",
        "content": "Viêm đường hô hấp trên là gì?\nViêm hệ thống niêm mạc của MŨI – XOANG – HỌNG VÀ THANH QUẢN.\nLà cơ quan tiếp xúc trực tiếp với không khí nên mọi điều kiện bất lợi của môi trường như bụi, nóng, lạnh, hơi độc, virus, vi khuẩn,.. đường hô hấp trên đều bị tác động. Bởi vậy nguy cơ mắc bệnh viêm đường hô hấp trên chiếm tỷ lệ cao hơn so với các bệnh về hô hấp khác.\nViêm đường hô hấp trên là chứng bệnh thường gặp hàng năm, dễ mắc và tái diễn nhiều lần, thường xuất hiện theo mùa, nhất là vào mùa khô hanh và mùa đông. Đối tượng dễ mắc bệnh nhất là trẻ em, người mẫn cảm với viêm đường hô hấp trên như người bị suy tủy, bạch cầu, suy giảm hệ miễn dịch sau ghép tạng, người nhiễm HIV,...\nTrung bình 1 năm người trưởng thành có thể bị viêm đường hô hấp trên từ 2 - 4 lần, con số này cao hơn rất nhiều với trẻ em. Theo thống kế của Bộ Y tế nước ta, mỗi năm trẻ em có thể mắc phải bệnh này khoảng 10 lần.\nViêm đường hô hấp trên có nguy hiểm không?\nBản thân bệnh viêm đường hô hấp trên không quá nguy hiểm và có khả năng chữa dứt điểm. Tuy nhiên do thái độ chủ quan của người bệnh, tự điều trị tại nhà không theo chỉ định của bác sĩ gây nên các biến chứng nguy hiểm.\nViêm đường hô hấp trên có: viêm MŨI, viêm XOANG và viêm HỌNG, THANH QUẢN. Một số tác giả còn coi VIÊM TAI GIỮA cũng là viêm đường hô hấp trên.\nCác biến chứng nặng nhẹ sẽ tùy theo mức độ bệnh.\n- Tăng mức độ trầm trọng và biến chứng của các cơn “ngừng thở khi ngủ”.\n- Rối loạn giấc ngủ\n- Biến chứng mắt: thị lực giảm, nhiễm trùng ổ mắt, viêm não, tắc mạch xoang hang,...\n- Áp xe thành sau họng, viêm phổi, viêm hạch bạch huyết, nhiễm trùng huyết...\n- Biến chứng toàn thân: thấp tim, thấp khớp cấp, viêm cầu thận cấp...\nViêm đường hô hấp trên uống thuốc gì?\n- Việc điều trị là do bác sĩ khám, xác định nguyên nhân và khi đó mới có phương pháp điều trị chính xác.\n- Một số biện pháp hỗ trợ điều trị tại nhà hoặc phòng tránh bằng súc họng thường xuyên tại nhà. Một trong những sản phẩm sử dụng súc họng là SMC AG+"
    },
    {
        "id": 11,
        "name": "VÌ SAO TA KHÔNG BỊ NGÃ???",
        "image": "t1-sm.png",
        "postName": "vac-xin-phong-benh",
        "articleName": "vi-sao-ta-khong-bi-nga",
        "excerpt": "Bạn có bao giờ băn khoăn rằng tại sao chúng ta lại có thể giữ thăng bằng và định hướng trong không gian? Vì sao con người có thể thực hiện những động tác từ đơn giản như đi, chạy, nhảy, ...",
        "content": "Bạn có bao giờ băn khoăn rằng tại sao chúng ta lại có thể giữ thăng bằng và định hướng trong không gian? Vì sao con người có thể thực hiện những động tác từ đơn giản như đi, chạy, nhảy, cho đến những động tác phức tạp như các vận động viên thể dục dụng cụ mà không bị ngã?\nĐó là nhờ vào cơ quan tiền đình nằm trong tai của bạn đấy!\nHệ tiền đình là một hệ thống cảm giác cung cấp những thông tin về chuyển động, tư thế của đầu, và định hướng trong không gian cho não bộ. Bên cạnh đó, nó cũng liên quan đến các chức năng vận động, cho phép chúng ta có thể giữ thăng bẳng, ổn định tư thế của đầu và cơ thể khi chuyển động cũng như duy trì một tư thế cụ thể nào đó.\nSở dĩ, hệ tiền đình làm được điều này là bởi nó sở hữu cấu trúc gồm 3 ống bán khuyên (trước, sau và ngang) có chứa nội dịch và các tế bào lông bên trong, được sắp xếp theo ba mặt phẳng gần như vuông góc với nhau. Điều này cho phép hệ tiền đình có thể phát hiện ra tất cả các cử động của đầu (như cúi/ngửa đầu, nghiêng đầu sang trái/phải, hoặc xoay đầu sang trái/phải) trong các mặt phẳng tương ứng.\n Khi đầu chuyển động, nội dịch cũng chuyển động theo và gây ra các kích thích lên các tế bào lông. Các tế bào này khi được kích thích sẽ tạo ra xung động thần kinh dẫn về não giúp ta cảm nhận được sự thay đổi tư thế của đầu.\nCũng khá đơn giản phải không nào.\nBạn hãy xem video dưới đây để hiểu rõ hơn cơ chế hoạt động của cơ quan tiền đình nhé!\nhttps://m.youtube.com/watch?v=YMIMvBa8XGs"
    },
    {
        "id": 12,
        "name": "VÌ SAO TA KHÔNG BỊ NGÃ???",
        "image": "t1-sm.png",
        "postName": "vac-xin-phong-benh",
        "articleName": "vi-sao-ta-khong-bi-nga",
        "excerpt": "Bạn có bao giờ băn khoăn rằng tại sao chúng ta lại có thể giữ thăng bằng và định hướng trong không gian? Vì sao con người có thể thực hiện những động tác từ đơn giản như đi, chạy, nhảy, ...",
        "content": "Bạn có bao giờ băn khoăn rằng tại sao chúng ta lại có thể giữ thăng bằng và định hướng trong không gian? Vì sao con người có thể thực hiện những động tác từ đơn giản như đi, chạy, nhảy, cho đến những động tác phức tạp như các vận động viên thể dục dụng cụ mà không bị ngã?\nĐó là nhờ vào cơ quan tiền đình nằm trong tai của bạn đấy!\nHệ tiền đình là một hệ thống cảm giác cung cấp những thông tin về chuyển động, tư thế của đầu, và định hướng trong không gian cho não bộ. Bên cạnh đó, nó cũng liên quan đến các chức năng vận động, cho phép chúng ta có thể giữ thăng bẳng, ổn định tư thế của đầu và cơ thể khi chuyển động cũng như duy trì một tư thế cụ thể nào đó.\nSở dĩ, hệ tiền đình làm được điều này là bởi nó sở hữu cấu trúc gồm 3 ống bán khuyên (trước, sau và ngang) có chứa nội dịch và các tế bào lông bên trong, được sắp xếp theo ba mặt phẳng gần như vuông góc với nhau. Điều này cho phép hệ tiền đình có thể phát hiện ra tất cả các cử động của đầu (như cúi/ngửa đầu, nghiêng đầu sang trái/phải, hoặc xoay đầu sang trái/phải) trong các mặt phẳng tương ứng.\n Khi đầu chuyển động, nội dịch cũng chuyển động theo và gây ra các kích thích lên các tế bào lông. Các tế bào này khi được kích thích sẽ tạo ra xung động thần kinh dẫn về não giúp ta cảm nhận được sự thay đổi tư thế của đầu.\nCũng khá đơn giản phải không nào.\nBạn hãy xem video dưới đây để hiểu rõ hơn cơ chế hoạt động của cơ quan tiền đình nhé!\nhttps://m.youtube.com/watch?v=YMIMvBa8XGs"
    },
        
    {
        "id": 20,
        "name": "BIẾN CHỨNG CỦA VIÊM ĐƯỜNG HÔ HẤP TRÊN",
        "image": "baivietMoi.png",
        "postName": "thuoc-khang-sinh",
        "articleName": "bien-chung-cua-viem-duong-ho-hap-tren",
        "excerpt": "Viêm đường hô hấp trên là gì?\nViêm hệ thống niêm mạc của MŨI – XOANG – HỌNG VÀ THANH QUẢN.\nLà cơ quan tiếp xúc trực tiếp với không khí nên mọi điều kiện bất lợi của môi trường như bụi, nóng, lạnh, hơi độc, virus, vi khuẩn,.. ",
        "content": "Viêm đường hô hấp trên là gì?\nViêm hệ thống niêm mạc của MŨI – XOANG – HỌNG VÀ THANH QUẢN.\nLà cơ quan tiếp xúc trực tiếp với không khí nên mọi điều kiện bất lợi của môi trường như bụi, nóng, lạnh, hơi độc, virus, vi khuẩn,.. đường hô hấp trên đều bị tác động. Bởi vậy nguy cơ mắc bệnh viêm đường hô hấp trên chiếm tỷ lệ cao hơn so với các bệnh về hô hấp khác.\nViêm đường hô hấp trên là chứng bệnh thường gặp hàng năm, dễ mắc và tái diễn nhiều lần, thường xuất hiện theo mùa, nhất là vào mùa khô hanh và mùa đông. Đối tượng dễ mắc bệnh nhất là trẻ em, người mẫn cảm với viêm đường hô hấp trên như người bị suy tủy, bạch cầu, suy giảm hệ miễn dịch sau ghép tạng, người nhiễm HIV,...\nTrung bình 1 năm người trưởng thành có thể bị viêm đường hô hấp trên từ 2 - 4 lần, con số này cao hơn rất nhiều với trẻ em. Theo thống kế của Bộ Y tế nước ta, mỗi năm trẻ em có thể mắc phải bệnh này khoảng 10 lần.\nViêm đường hô hấp trên có nguy hiểm không?\nBản thân bệnh viêm đường hô hấp trên không quá nguy hiểm và có khả năng chữa dứt điểm. Tuy nhiên do thái độ chủ quan của người bệnh, tự điều trị tại nhà không theo chỉ định của bác sĩ gây nên các biến chứng nguy hiểm.\nViêm đường hô hấp trên có: viêm MŨI, viêm XOANG và viêm HỌNG, THANH QUẢN. Một số tác giả còn coi VIÊM TAI GIỮA cũng là viêm đường hô hấp trên.\nCác biến chứng nặng nhẹ sẽ tùy theo mức độ bệnh.\n- Tăng mức độ trầm trọng và biến chứng của các cơn “ngừng thở khi ngủ”.\n- Rối loạn giấc ngủ\n- Biến chứng mắt: thị lực giảm, nhiễm trùng ổ mắt, viêm não, tắc mạch xoang hang,...\n- Áp xe thành sau họng, viêm phổi, viêm hạch bạch huyết, nhiễm trùng huyết...\n- Biến chứng toàn thân: thấp tim, thấp khớp cấp, viêm cầu thận cấp...\nViêm đường hô hấp trên uống thuốc gì?\n- Việc điều trị là do bác sĩ khám, xác định nguyên nhân và khi đó mới có phương pháp điều trị chính xác.\n- Một số biện pháp hỗ trợ điều trị tại nhà hoặc phòng tránh bằng súc họng thường xuyên tại nhà. Một trong những sản phẩm sử dụng súc họng là SMC AG+"
    },
    {
        "id": 21,
        "name": "VÌ SAO TA KHÔNG BỊ NGÃ???",
        "image": "t1-sm.png",
        "postName": "thuoc-khang-sinh",
        "articleName": "vi-sao-ta-khong-bi-nga",
        "excerpt": "Bạn có bao giờ băn khoăn rằng tại sao chúng ta lại có thể giữ thăng bằng và định hướng trong không gian? Vì sao con người có thể thực hiện những động tác từ đơn giản như đi, chạy, nhảy, ...",
        "content": "Bạn có bao giờ băn khoăn rằng tại sao chúng ta lại có thể giữ thăng bằng và định hướng trong không gian? Vì sao con người có thể thực hiện những động tác từ đơn giản như đi, chạy, nhảy, cho đến những động tác phức tạp như các vận động viên thể dục dụng cụ mà không bị ngã?\nĐó là nhờ vào cơ quan tiền đình nằm trong tai của bạn đấy!\nHệ tiền đình là một hệ thống cảm giác cung cấp những thông tin về chuyển động, tư thế của đầu, và định hướng trong không gian cho não bộ. Bên cạnh đó, nó cũng liên quan đến các chức năng vận động, cho phép chúng ta có thể giữ thăng bẳng, ổn định tư thế của đầu và cơ thể khi chuyển động cũng như duy trì một tư thế cụ thể nào đó.\nSở dĩ, hệ tiền đình làm được điều này là bởi nó sở hữu cấu trúc gồm 3 ống bán khuyên (trước, sau và ngang) có chứa nội dịch và các tế bào lông bên trong, được sắp xếp theo ba mặt phẳng gần như vuông góc với nhau. Điều này cho phép hệ tiền đình có thể phát hiện ra tất cả các cử động của đầu (như cúi/ngửa đầu, nghiêng đầu sang trái/phải, hoặc xoay đầu sang trái/phải) trong các mặt phẳng tương ứng.\n Khi đầu chuyển động, nội dịch cũng chuyển động theo và gây ra các kích thích lên các tế bào lông. Các tế bào này khi được kích thích sẽ tạo ra xung động thần kinh dẫn về não giúp ta cảm nhận được sự thay đổi tư thế của đầu.\nCũng khá đơn giản phải không nào.\nBạn hãy xem video dưới đây để hiểu rõ hơn cơ chế hoạt động của cơ quan tiền đình nhé!\nhttps://m.youtube.com/watch?v=YMIMvBa8XGs"
    },
    {
        "id": 22,
        "name": "VÌ SAO TA KHÔNG BỊ NGÃ???",
        "image": "t1-sm.png",
        "postName": "thuoc-khang-sinh",
        "articleName": "vi-sao-ta-khong-bi-nga",
        "excerpt": "Bạn có bao giờ băn khoăn rằng tại sao chúng ta lại có thể giữ thăng bằng và định hướng trong không gian? Vì sao con người có thể thực hiện những động tác từ đơn giản như đi, chạy, nhảy, ...",
        "content": "Bạn có bao giờ băn khoăn rằng tại sao chúng ta lại có thể giữ thăng bằng và định hướng trong không gian? Vì sao con người có thể thực hiện những động tác từ đơn giản như đi, chạy, nhảy, cho đến những động tác phức tạp như các vận động viên thể dục dụng cụ mà không bị ngã?\nĐó là nhờ vào cơ quan tiền đình nằm trong tai của bạn đấy!\nHệ tiền đình là một hệ thống cảm giác cung cấp những thông tin về chuyển động, tư thế của đầu, và định hướng trong không gian cho não bộ. Bên cạnh đó, nó cũng liên quan đến các chức năng vận động, cho phép chúng ta có thể giữ thăng bẳng, ổn định tư thế của đầu và cơ thể khi chuyển động cũng như duy trì một tư thế cụ thể nào đó.\nSở dĩ, hệ tiền đình làm được điều này là bởi nó sở hữu cấu trúc gồm 3 ống bán khuyên (trước, sau và ngang) có chứa nội dịch và các tế bào lông bên trong, được sắp xếp theo ba mặt phẳng gần như vuông góc với nhau. Điều này cho phép hệ tiền đình có thể phát hiện ra tất cả các cử động của đầu (như cúi/ngửa đầu, nghiêng đầu sang trái/phải, hoặc xoay đầu sang trái/phải) trong các mặt phẳng tương ứng.\n Khi đầu chuyển động, nội dịch cũng chuyển động theo và gây ra các kích thích lên các tế bào lông. Các tế bào này khi được kích thích sẽ tạo ra xung động thần kinh dẫn về não giúp ta cảm nhận được sự thay đổi tư thế của đầu.\nCũng khá đơn giản phải không nào.\nBạn hãy xem video dưới đây để hiểu rõ hơn cơ chế hoạt động của cơ quan tiền đình nhé!\nhttps://m.youtube.com/watch?v=YMIMvBa8XGs"
    }
]

