[
    {
        "id": 1,
        "name": "VẮC XIN PHÒNG BỆNH",
        "postName": "vac-xin-phong-benh",
        "body": "quia et suscipit\nsuscipit recusandae consequuntur expedita et cum\nreprehenderit molestiae ut ut quas totam\nnostrum rerum est autem sunt rem eveniet architecto"
    },
    {
        "id": 2,
        "name": "THUỐC - KHÁNG SINH",
        "postName": "thuoc-khang-sinh",
        "body": "quia et suscipit\nsuscipit recusandae consequuntur expedita et cum\nreprehenderit molestiae ut ut quas totam\nnostrum rerum est autem sunt rem eveniet architecto"
    }
]